name,gender,phone,email,address,nationality,dob,mode_of_contact,education_background
Sudin Gurung,Others,9821936585,sudingrng@gmail.com,Bhaktpaur,Nepalese,2020-05-06T18:15:00.000Z,Email,<p>BE</p>
John Doe,Male,9821936585,sudingrng@gmail.com,1994-01-07,Email,Nepal,Bhaktapur,BE
John Doe,Male,9821936585,sudingrng@gmail.com,1994-01-07,Email,Nepal,Bhaktapur,BE
John Doe,Male,9821936585,sudingrng@gmail.com,1994-01-07,Email,Nepal,Bhaktapur,BE
John Doe,Male,9821936585,sudingrng@gmail.com,1994-01-07,Email,Nepal,Bhaktapur,BE
John Doe
John Doe,Male,9821936585,sudingrng@gmail.com,1994-01-07,Email,Nepal,Bhaktapur,BE
John Doe
John Doe,Male,9821936585,sudingrng@gmail.com,1994-01-07,Email,Nepal,Bhaktapur,BE
John Doe
John Doe,Male,9821936585,sudingrng@gmail.com,1994-01-07,Email,Nepal,Bhaktapur,BE
John Doe
John Doe,Male,9821936585,sudingrng@gmail.com,1994-01-07,Email,Nepal,Bhaktapur,BE
John Doe
John Doe,Male,Email,Nepal,Bhaktapur,BE
John Doe
John Doe,Email,Nepal,Bhaktapur,BE
John Doe
John Doe,Male,9821936585,sudingrng@gmail.com,1994-01-07,Email,Nepal,Bhaktapur,BE
John Doe
John Doe,Male,9821936585,sudingrng@gmail.com,1994-01-07,Email,Nepal,Bhaktapur,BE
John Doe,Male,9821936585,sudingrng@gmail.com,1994-01-07,Email,Nepal,Bhaktapur,BE
